Person_ID,Contact,WebPage,Project
1,Contact_1,http://datascientia/livepeople/1,http://datascientia/liveproject/Project_1
2,Contact_2,url_LP_2,Project_2
3,Contact_3,url_LP_3,Project_3
4,Contact_5,url_LP_4,Project_5
6,Contact_7,url_LP_6,Project_0
7,Contact_8,url_LP_7,Project_6
12,Contact_13,url_LP_12,Project_7
13,Contact_14,url_LP_13,Project_8
14,Contact_15,url_LP_14,Project_9
16,Contact_17,url_LP_16,Project_1
17,Contact_18,url_LP_17,Project_0
19,Contact_20,url_LP_19,Project_0
20,Contact_21,url_LP_20,Project_0
22,Contact_23,url_LP_22,Project_0
23,Contact_24,url_LP_23,Project_0
24,Contact_25,url_LP_24,Project_0
26,Contact_27,url_LP_26,
27,Contact_28,url_LP_27,
28,Contact_29,url_LP_28,Project_12
29,Contact_30,url_LP_29,Project_11
30,Contact_31,url_LP_30,Project_10
31,Contact_32,url_LP_31,Project_13
41,Contact_42,url_LP_41,