Person_ID,First_Name,Last_Name
1,Carlo,Corradini
2,Giorgio,Criscitelli
3,Anna,Fetz
4,Carlotta,Neri
5,Alfredo,Dalpra
6,Fausto,Giunchiglia
7,Laura,Riscica
8,Eugene,Jones
9,Salek,Mali
10,Alessandra,Castricini
11,Paolo,Macchi
12,Ali,Hamza
13,Andre,Frigo
14,Aleksa,Krsmanovic
16,Xuanli,Li
17,Yanchun ,Liang
19,Luca,Cernuzzi
20,Alethia ,Hume
22,Amarsanaa ,Ganbold
23,Shyam ,Diwakar
24,Fiona ,McNeill
26,Simone,Bocca
27,Mayukh,Bagchi
28,Khuyagbaatar ,Batsuren
29,Gabor ,Bella
30,Ronald Chenu-Abente,Acosta
31,Mattia,Zeni
41,Alessandra,Morellini