Theme_ID,Theme_name,Project,Data Layer,Knowledge Layer,Language Layer
Theme_1,Data Knowledge,http://datascientia/liveproject/Theme_1,http://datascientia/livedata/Theme_1,http://datascientia/liveknowledge/Theme_1,http://datascientia/livelanguage/Theme_1
Theme_2,Transportation,url_LP_TH_2,url_LD_TH_2,url_LK_TH_2,url_LL_TH_2
Theme_3,Health,url_LP_TH_3,url_LD_TH_3,url_LK_TH_3,url_LL_TH_3
Theme_4,Event,url_LP_TH_4,url_LD_TH_4,url_LK_TH_4,url_LL_TH_4
Theme_5,Metadata,url_LP_TH_5,url_LD_TH_5,url_LK_TH_5,url_LL_TH_5
Theme_6,BioInformatics,url_LP_TH_6,url_LD_TH_6,url_LK_TH_6,url_LL_TH_6
Theme_7,Education,url_LP_TH_7,url_LD_TH_7,url_LK_TH_7,url_LL_TH_7
Theme_8,Geography,url_LP_TH_8,url_LD_TH_8,url_LK_TH_8,url_LL_TH_8
Theme_9,Health,url_LP_TH_9,url_LD_TH_9,url_LK_TH_9,url_LL_TH_9
Theme_10,University,url_LP_TH_10,url_LD_TH_10,url_LK_TH_10,url_LL_TH_10
Theme_11,Ontology Matching,url_LP_TH_11,url_LD_TH_11,url_LK_TH_11,url_LL_TH_11
Theme_12,Language,url_LP_TH_12,url_LD_TH_12,url_LK_TH_12,url_LL_TH_12
Theme_13,Feature Validation,url_LP_TH_13,url_LD_TH_13,url_LK_TH_13,url_LL_TH_13